{"c": 1.0, "o": 0.5, "u": 1.0, "n": 0.9090909090909091, "t": 0.5, "_": 0.3333333333333333, "1": 0.5576923076923077, "3": 0.5, "~": 0.46111111111111114, "2": 0.36363636363636365, "4": 0.5882352941176471, "5": 0.6, "6": 0.6, "7": 0.5882352941176471, "8": 0.625, "9": 0.8823529411764706, "0": 0.8125}