{"cou": [1.0, 11], "oun": [1.0, 11], "unt": [1.0, 11], "nt_": [0.9090909090909091, 11], "t_1": [1.0, 10], "_1_": [1.0, 10], "1_t": [1.0, 10], "_to": [1.0, 11], "to_": [0.6363636363636364, 11], "o_2": [0.42857142857142855, 7], "_21": [1.0, 1], "21~": [0.75, 8], "1~1": [0.9090909090909091, 11], "~1~": [1.0, 10], "1~2": [0.625, 16], "~2~": [1.0, 10], "2~3": [1.0, 10], "~3~": [1.0, 10], "3~4": [1.0, 10], "~4~": [1.0, 10], "4~5": [1.0, 10], "~5~": [1.0, 10], "5~6": [1.0, 10], "~6~": [1.0, 10], "6~7": [1.0, 10], "~7~": [1.0, 11], "7~8": [1.0, 11], "~8~": [1.0, 11], "8~9": [1.0, 11], "~9~": [1.0, 11], "9~1": [1.0, 11], "~10": [1.0, 10], "10~": [0.9090909090909091, 11], "0~1": [1.0, 10], "~11": [1.0, 10], "11~": [1.0, 10], "~12": [1.0, 10], "12~": [1.0, 10], "2~1": [0.7692307692307693, 13], "~13": [1.0, 10], "13~": [0.9090909090909091, 11], "3~1": [0.8181818181818182, 11], "~14": [1.0, 9], "14~": [1.0, 9], "4~1": [1.0, 9], "~15": [1.0, 9], "15~": [1.0, 9], "5~1": [0.9, 10], "~16": [1.0, 9], "16~": [1.0, 9], "6~1": [1.0, 9], "~17": [1.0, 9], "17~": [1.0, 9], "7~1": [1.0, 9], "~18": [1.0, 9], "18~": [0.8181818181818182, 11], "8~1": [0.7, 10], "~19": [1.0, 7], "19~": [1.0, 7], "9~2": [1.0, 7], "~20": [1.0, 7], "20~": [1.0, 7], "0~2": [1.0, 7], "~21": [1.0, 7], "1~c": [1.0, 1], "~co": [1.0, 10], "_28": [1.0, 1], "28~": [0.5, 2], "~22": [1.0, 6], "22~": [0.3333333333333333, 9], "2~2": [1.0, 3], "~23": [1.0, 3], "23~": [0.5, 4], "3~2": [1.0, 2], "~24": [1.0, 2], "24~": [1.0, 2], "4~2": [1.0, 2], "~25": [1.0, 2], "25~": [0.3333333333333333, 3], "5~2": [1.0, 1], "~26": [1.0, 1], "26~": [1.0, 1], "6~2": [1.0, 1], "~27": [1.0, 1], "27~": [1.0, 1], "7~2": [1.0, 1], "~28": [1.0, 1], "8~c": [1.0, 3], "_25": [1.0, 1], "5~c": [1.0, 1], "_22": [1.0, 3], "2~c": [1.0, 3], "o_1": [0.5, 4], "_18": [1.0, 2], "_13": [1.0, 1], "3~c": [1.0, 2], "_23": [1.0, 1], "t_7": [1.0, 1], "_7_": [1.0, 1], "7_t": [1.0, 1], "_10": [1.0, 1], "0~7": [1.0, 1]}