{"ou": [1.0, 11], "un": [1.0, 11], "nt": [1.0, 11], "t_": [0.9090909090909091, 11], "_1": [0.7142857142857143, 14], "1_": [1.0, 10], "_t": [1.0, 11], "to": [1.0, 11], "o_": [0.6363636363636364, 11], "_2": [0.42857142857142855, 7], "21": [1.0, 8], "1~": [0.6071428571428571, 28], "~1": [0.10679611650485436, 103], "~2": [0.25, 40], "2~": [0.5517241379310345, 29], "~3": [1.0, 10], "3~": [0.6, 25], "~4": [1.0, 10], "4~": [0.47619047619047616, 21], "~5": [1.0, 10], "5~": [0.6363636363636364, 22], "~6": [1.0, 10], "6~": [0.5, 20], "~7": [1.0, 11], "7~": [0.5238095238095238, 21], "~8": [1.0, 11], "8~": [0.6666666666666666, 24], "~9": [1.0, 11], "9~": [0.6111111111111112, 18], "10": [1.0, 11], "0~": [0.5555555555555556, 18], "11": [1.0, 10], "12": [1.0, 10], "13": [1.0, 11], "14": [1.0, 9], "15": [1.0, 9], "16": [1.0, 9], "17": [1.0, 9], "18": [1.0, 11], "19": [1.0, 7], "20": [1.0, 7], "~c": [1.0, 10], "co": [1.0, 10], "28": [1.0, 2], "22": [1.0, 9], "23": [1.0, 4], "24": [1.0, 2], "25": [1.0, 3], "26": [1.0, 1], "27": [1.0, 1], "_7": [1.0, 1], "7_": [1.0, 1]}