{"u": [1.0, 11], "n": [1.0, 11], "t": [0.5, 22], "_": [0.42424242424242425, 33], "1": [0.2074074074074074, 135], "o": [0.5238095238095238, 21], "2": [0.45454545454545453, 66], "~": [0.4557522123893805, 226], "3": [1.0, 25], "4": [1.0, 21], "5": [1.0, 22], "6": [1.0, 20], "7": [0.9545454545454546, 22], "8": [1.0, 24], "9": [1.0, 18], "0": [1.0, 18], "c": [1.0, 10]}