{"c": [1.0, 11], "o": [0.5, 22], "u": [1.0, 11], "n": [0.9090909090909091, 11], "t": [0.5, 22], "_": [0.3333333333333333, 33], "1": [0.6343283582089553, 134], "2": [0.3484848484848485, 66], "~": [0.5422222222222223, 225], "3": [0.56, 25], "4": [0.7619047619047619, 21], "5": [0.5454545454545454, 22], "6": [0.7, 20], "7": [0.6818181818181818, 22], "8": [0.5833333333333334, 24], "9": [1.0, 18], "0": [0.9444444444444444, 18]}