{"8": 0.20689655172413793, "_": 0.2727272727272727, "t": 0.4090909090909091, "o": 0.4545454545454546, "~": 0.019230769230769232, "9": 0.20833333333333334, "4": 0.4615384615384615, "u": 0.909090909090909, "n": 0.909090909090909, "6": 0.5277777777777778, "c": 0.8999999999999999, "0": 0.0, "7": 0.25806451612903225, "2": 0.5428571428571428, "5": 0.4878048780487805, "1": 0.45714285714285713, "3": 0.5263157894736842}