{"94~": 0.0, "cou": 0.909090909090909, "oun": 0.909090909090909, "unt": 0.909090909090909, "nt_": 0.0, "_to": 0.909090909090909, "to_": 0.0, "~co": 0.8999999999999999, "t_9": 0.0, "o_6": 0.0, "28~": 0.0, "7~5": 0.0, "5~6": 0.0, "66~": 0.0, "67~": 0.0, "t_7": 0.0, "58~": 0.3333333333333333, "8~c": 0.5, "0_t": 0.5, "35~": 0.3333333333333333, "t_5": 0.0, "_58": 0.0, "8_t": 0.5, "o_3": 0.0, "34~": 0.3333333333333333, "4~c": 0.5, "o_5": 0.0, "53~": 0.3333333333333333, "t_1": 0.0, "5~1": 0.3333333333333333, "~14": 0.5, "14~": 0.5, "4~1": 0.5, "~15": 0.5, "15~": 0.5, "~16": 0.5, "16~": 0.5, "6~1": 0.5, "~17": 0.5, "17~": 0.5, "7~1": 0.5, "~18": 0.5, "18~": 0.5, "8~1": 0.5, "~19": 0.5, "19~": 0.5, "9~2": 0.5, "~20": 0.5, "20~": 0.5, "0~2": 0.5, "~21": 0.5, "21~": 0.5, "1~2": 0.5, "~22": 0.5, "22~": 0.5, "2~2": 0.5, "~23": 0.5, "23~": 0.5, "3~2": 0.5, "~24": 0.5, "24~": 0.5, "4~2": 0.5, "~25": 0.5, "25~": 0.5, "5~2": 0.5, "~26": 0.5, "26~": 0.5, "6~2": 0.5, "~27": 0.5, "27~": 0.5, "7~2": 0.5, "~28": 0.5, "8~2": 0.5, "~29": 0.5, "29~": 0.5, "9~3": 0.5, "~30": 0.5, "30~": 0.5, "0~3": 0.5, "~31": 0.5, "31~": 0.5, "1~3": 0.5, "~32": 0.5, "32~": 0.5, "2~3": 0.5, "~33": 0.5, "33~": 0.5, "3~3": 0.5, "~34": 0.5, "4~3": 0.5, "~35": 0.5, "5~3": 0.5, "~36": 0.5, "36~": 0.5, "6~3": 0.5, "~37": 0.5, "37~": 0.5, "7~3": 0.5, "~38": 0.5, "38~": 0.5, "8~3": 0.5, "~39": 0.5, "39~": 0.5, "9~4": 0.5, "~40": 0.5, "40~": 0.5, "0~4": 0.5, "~41": 0.5, "41~": 0.5, "1~4": 0.5, "~42": 0.5, "42~": 0.5, "2~4": 0.5, "~43": 0.5, "43~": 0.5, "3~4": 0.5, "~44": 0.5, "44~": 0.5, "4~4": 0.5, "~45": 0.5, "45~": 0.5, "5~4": 0.5, "~46": 0.5, "46~": 0.5, "6~4": 0.5, "~47": 0.5, "47~": 0.5, "7~4": 0.5, "~48": 0.5, "48~": 0.5, "8~4": 0.5, "~49": 0.5, "49~": 0.5, "9~5": 0.5, "~50": 0.5, "50~": 0.5, "0~5": 0.5, "~51": 0.5, "51~": 0.5, "1~5": 0.5, "~52": 0.5, "52~": 0.5, "2~5": 0.5, "~53": 0.5, "3~5": 0.5, "~54": 0.5, "54~": 0.5, "4~5": 0.5, "~55": 0.5, "55~": 0.5, "5~5": 0.5, "~56": 0.5, "56~": 0.5, "6~5": 0.5, "~57": 0.5, "57~": 0.5, "~58": 0.5, "8~5": 0.5, "~59": 0.5, "59~": 0.5, "9~6": 0.5, "~60": 0.5, "60~": 0.5, "0~6": 0.5, "~61": 0.5, "61~": 0.5, "1~6": 0.5, "~62": 0.5, "62~": 0.5, "2~6": 0.5, "~63": 0.5, "63~": 0.5, "3~6": 0.5, "~64": 0.5, "64~": 0.5, "4~6": 0.5, "~65": 0.5, "65~": 0.5, "~66": 0.5, "6~6": 0.5, "~67": 0.5, "6~7": 0.0, "79~": 0.0, "4~8": 0.0, "85~": 0.0, "5~c": 0.5, "7_t": 0.5, "_10": 0.0, "10~": 0.0, "0~7": 0.0, "~7~": 0.5, "7~8": 0.5, "~8~": 0.5, "8~9": 0.5, "~9~": 0.5, "9~1": 0.5, "~10": 0.5}