{"8~": 0.5555555555555556, "9~": 0.33333333333333337, "cu": 0.909090909090909, "on": 0.909090909090909, "ut": 0.909090909090909, "n_": 0.0, "_o": 0.909090909090909, "t_": 0.0, "~o": 0.8999999999999999, "t9": 0.0, "9_": 0.5, "_6": 0.0, "_8": 0.0, "o6": 0.0, "_7": 0.0, "6~": 0.7, "~~": 0.0, "~0": 0.9333333333333333, "~1": 0.9285714285714286, "1~": 0.7647058823529411, "~2": 0.9285714285714286, "~3": 0.9285714285714286, "~4": 0.9333333333333333, "~8": 0.923076923076923, "~9": 0.923076923076923, "2~": 0.7619047619047619, "~5": 0.9285714285714286, "~6": 0.923076923076923, "~7": 0.923076923076923, "3~": 0.7727272727272727, "4~": 0.85, "5~": 0.7727272727272727, "75": 0.0, "56": 0.0, "t7": 0.0, "7_": 0.5, "8c": 0.5, "_0": 0.25, "0t": 0.5, "t5": 0.0, "8t": 0.5, "o3": 0.0, "_4": 0.3333333333333333, "4c": 0.5, "11": 0.0, "o5": 0.0, "_3": 0.0, "t1": 0.0, "_5": 0.5, "51": 0.3333333333333333, "41": 0.5, "61": 0.5, "71": 0.5, "81": 0.5, "92": 0.5, "02": 0.5, "12": 0.5, "22": 0.5, "32": 0.5, "42": 0.5, "52": 0.5, "62": 0.5, "72": 0.5, "82": 0.5, "93": 0.5, "03": 0.5, "13": 0.5, "23": 0.5, "33": 0.5, "43": 0.5, "53": 0.5, "63": 0.5, "73": 0.5, "83": 0.5, "94": 0.5, "04": 0.5, "14": 0.5, "24": 0.5, "34": 0.5, "44": 0.5, "54": 0.5, "64": 0.5, "74": 0.5, "84": 0.5, "95": 0.5, "05": 0.5, "15": 0.5, "25": 0.5, "35": 0.5, "45": 0.5, "55": 0.5, "65": 0.5, "85": 0.5, "96": 0.5, "06": 0.5, "16": 0.5, "26": 0.5, "36": 0.5, "46": 0.5, "66": 0.5, "7~": 0.6363636363636364, "67": 0.0, "48": 0.0, "5c": 0.5, "__": 0.5, "7t": 0.5, "07": 0.0, "78": 0.5, "89": 0.5, "91": 0.5}