{"co": [1.0, 11], "ou": [1.0, 11], "un": [1.0, 11], "nt": [0.9090909090909091, 11], "t_": [1.0, 11], "_1": [0.7142857142857143, 14], "1_": [1.0, 10], "_t": [1.0, 11], "to": [0.6363636363636364, 11], "o_": [0.36363636363636365, 11], "_2": [1.0, 7], "21": [0.75, 8], "1~": [0.6071428571428571, 28], "~1": [0.9019607843137255, 102], "~2": [0.775, 40], "2~": [0.6551724137931034, 29], "~3": [1.0, 10], "3~": [0.56, 25], "~4": [1.0, 10], "4~": [0.7619047619047619, 21], "~5": [1.0, 10], "5~": [0.5454545454545454, 22], "~6": [1.0, 10], "6~": [0.7, 20], "~7": [1.0, 11], "7~": [0.7142857142857143, 21], "~8": [1.0, 11], "8~": [0.5833333333333334, 24], "~9": [1.0, 11], "9~": [1.0, 18], "10": [0.9090909090909091, 11], "0~": [0.9444444444444444, 18], "11": [1.0, 10], "12": [1.0, 10], "13": [0.9090909090909091, 11], "14": [1.0, 9], "15": [1.0, 9], "16": [1.0, 9], "17": [1.0, 9], "18": [0.8181818181818182, 11], "19": [1.0, 7], "20": [1.0, 7], "~c": [1.0, 10], "28": [0.5, 2], "22": [0.3333333333333333, 9], "23": [0.5, 4], "24": [1.0, 2], "25": [0.3333333333333333, 3], "26": [1.0, 1], "27": [1.0, 1], "_7": [1.0, 1], "7_": [1.0, 1]}