{"ou": 1.0, "un": 1.0, "nt": 1.0, "t_": 0.9090909090909091, "_1": 0.625, "1_": 1.0, "_t": 1.0, "to": 1.0, "o_": 0.5454545454545454, "13": 1.0, "3~": 0.5, "~1": 0.136986301369863, "1~": 0.5384615384615384, "~2": 0.3333333333333333, "2~": 0.47619047619047616, "~3": 0.9090909090909091, "~4": 1.0, "4~": 0.5294117647058824, "~5": 1.0, "5~": 0.6, "~6": 1.0, "6~": 0.6, "~7": 1.0, "7~": 0.625, "~8": 1.0, "8~": 0.625, "~9": 1.0, "9~": 0.6470588235294118, "10": 1.0, "0~": 0.625, "11": 1.0, "12": 1.0, "~c": 1.0, "co": 1.0, "19": 1.0, "14": 1.0, "15": 1.0, "16": 1.0, "17": 1.0, "18": 1.0, "_3": 0.5, "30": 1.0, "20": 1.0, "21": 1.0, "22": 1.0, "23": 1.0, "24": 1.0, "25": 1.0, "26": 1.0, "27": 1.0, "28": 1.0, "29": 1.0, "_2": 0.3333333333333333, "_7": 1.0, "7_": 1.0}