{"o": 0.5, "u": 1.0, "n": 1.0, "t": 0.5, "_": 0.3333333333333333, "1": 0.6538461538461539, "3": 0.4583333333333333, "~": 0.48066298342541436, "2": 0.5227272727272727, "4": 0.5294117647058824, "5": 0.6, "6": 0.6, "7": 0.5882352941176471, "8": 0.625, "9": 0.6470588235294118, "0": 0.625, "c": 1.0}