{"8": 0.5172413793103449, "_": 0.24242424242424243, "t": 0.4545454545454546, "~": 0.10256410256410256, "9": 0.5833333333333334, "4": 0.41025641025641024, "o": 0.47619047619047616, "u": 0.909090909090909, "n": 0.909090909090909, "6": 0.3611111111111111, "c": 0.8999999999999999, "0": 0.7894736842105262, "7": 0.45161290322580644, "2": 0.37142857142857144, "5": 0.36585365853658536, "1": 0.37142857142857144, "3": 0.3684210526315789}