{"cu": 1.0, "on": 1.0, "ut": 1.0, "n_": 0.9090909090909091, "t1": 1.0, "__": 1.0, "1t": 1.0, "_o": 1.0, "t_": 0.5454545454545454, "o1": 0.3333333333333333, "_3": 1.0, "1~": 0.8529411764705882, "31": 0.75, "~~": 0.11494252873563218, "12": 0.7692307692307693, "23": 1.0, "34": 1.0, "45": 1.0, "56": 1.0, "67": 1.0, "78": 1.0, "89": 1.0, "91": 0.9090909090909091, "~0": 1.0, "01": 0.9, "~1": 1.0, "11": 0.7, "~2": 1.0, "21": 0.875, "~3": 1.0, "3c": 1.0, "~o": 1.0, "_1": 1.0, "1c": 1.0, "_9": 1.0, "~4": 1.0, "41": 0.8333333333333334, "~5": 1.0, "51": 1.0, "~6": 1.0, "61": 1.0, "~7": 1.0, "71": 1.0, "~8": 1.0, "81": 1.0, "~9": 1.0, "9c": 1.0, "o3": 0.5, "_0": 1.0, "3~": 0.5, "92": 1.0, "2~": 0.6956521739130435, "02": 1.0, "22": 1.0, "32": 1.0, "42": 1.0, "52": 1.0, "62": 1.0, "72": 1.0, "82": 1.0, "93": 1.0, "0c": 1.0, "_~": 1.0, "o2": 0.3333333333333333, "_2": 1.0, "2c": 1.0, "_4": 1.0, "4c": 1.0, "t7": 1.0, "7t": 1.0, "07": 1.0}