{"8": 0.37931034482758624, "_": 0.5454545454545454, "t": 0.0, "o": 0.4545454545454546, "~": 0.8782051282051282, "9": 0.5416666666666667, "4": 0.358974358974359, "c": 0.909090909090909, "u": 0.909090909090909, "n": 0.0, "6": 0.3055555555555556, "0": 0.7222222222222222, "7": 0.3225806451612903, "2": 0.42857142857142855, "5": 0.3414634146341463, "1": 0.38235294117647056, "3": 0.3684210526315789}