{"cou": 1.0, "oun": 1.0, "unt": 1.0, "nt_": 0.9090909090909091, "t_1": 1.0, "_1_": 1.0, "1_t": 1.0, "_to": 1.0, "to_": 0.5454545454545454, "o_1": 0.3333333333333333, "_13": 1.0, "13~": 0.7777777777777778, "3~1": 0.75, "~1~": 1.0, "1~2": 0.7692307692307693, "~2~": 1.0, "2~3": 1.0, "~3~": 0.9, "3~4": 1.0, "~4~": 1.0, "4~5": 1.0, "~5~": 1.0, "5~6": 1.0, "~6~": 1.0, "6~7": 1.0, "~7~": 1.0, "7~8": 1.0, "~8~": 1.0, "8~9": 1.0, "~9~": 1.0, "9~1": 0.9090909090909091, "~10": 1.0, "10~": 0.9, "0~1": 0.9, "~11": 1.0, "11~": 0.8181818181818182, "1~1": 0.7, "~12": 1.0, "12~": 1.0, "2~1": 0.875, "~13": 1.0, "3~c": 1.0, "~co": 1.0, "_11": 1.0, "1~c": 1.0, "_19": 1.0, "19~": 0.6666666666666666, "~14": 1.0, "14~": 1.0, "4~1": 0.8333333333333334, "~15": 1.0, "15~": 1.0, "5~1": 1.0, "~16": 1.0, "16~": 1.0, "6~1": 1.0, "~17": 1.0, "17~": 1.0, "7~1": 1.0, "~18": 1.0, "18~": 1.0, "8~1": 1.0, "~19": 1.0, "9~c": 1.0, "o_3": 0.5, "_30": 1.0, "30~": 0.5, "9~2": 1.0, "~20": 1.0, "20~": 1.0, "0~2": 1.0, "~21": 1.0, "21~": 0.6, "~22": 1.0, "22~": 0.5, "2~2": 1.0, "~23": 1.0, "23~": 1.0, "3~2": 1.0, "~24": 1.0, "24~": 0.3333333333333333, "4~2": 1.0, "~25": 1.0, "25~": 1.0, "5~2": 1.0, "~26": 1.0, "26~": 1.0, "6~2": 1.0, "~27": 1.0, "27~": 1.0, "7~2": 1.0, "~28": 1.0, "28~": 1.0, "8~2": 1.0, "~29": 1.0, "29~": 1.0, "9~3": 1.0, "~30": 1.0, "0~c": 1.0, "_3~": 1.0, "o_2": 0.3333333333333333, "_22": 1.0, "2~c": 1.0, "_24": 1.0, "4~c": 1.0, "_21": 1.0, "t_7": 1.0, "_7_": 1.0, "7_t": 1.0, "_10": 1.0, "0~7": 1.0}