{"o": [0.5, 22], "u": [1.0, 11], "n": [1.0, 11], "t": [0.5, 22], "_": [0.3333333333333333, 33], "1": [0.7238805970149254, 134], "2": [0.5606060606060606, 66], "~": [0.41150442477876104, 226], "3": [0.6, 25], "4": [0.47619047619047616, 21], "5": [0.6363636363636364, 22], "6": [0.5, 20], "7": [0.5, 22], "8": [0.6666666666666666, 24], "9": [0.6111111111111112, 18], "0": [0.5555555555555556, 18], "c": [1.0, 10]}