{"cu": [1.0, 11], "on": [1.0, 11], "ut": [1.0, 11], "n_": [0.9090909090909091, 11], "t1": [1.0, 10], "__": [1.0, 11], "1t": [1.0, 10], "_o": [1.0, 11], "t_": [0.6363636363636364, 11], "o2": [0.42857142857142855, 7], "_1": [1.0, 1], "2~": [0.6216216216216216, 37], "11": [0.9090909090909091, 11], "~~": [0.11827956989247312, 93], "12": [0.625, 16], "23": [1.0, 10], "34": [1.0, 10], "45": [1.0, 10], "56": [1.0, 10], "67": [1.0, 10], "78": [1.0, 11], "89": [1.0, 11], "91": [1.0, 11], "~0": [1.0, 17], "1~": [0.8854166666666666, 96], "01": [1.0, 10], "~1": [1.0, 17], "~2": [1.0, 16], "21": [0.7692307692307693, 13], "~3": [1.0, 13], "31": [0.8181818181818182, 11], "~4": [1.0, 11], "41": [1.0, 9], "~5": [1.0, 11], "51": [0.9, 10], "~6": [1.0, 10], "61": [1.0, 9], "~7": [1.0, 10], "71": [1.0, 9], "~8": [1.0, 10], "81": [0.7, 10], "~9": [1.0, 7], "92": [1.0, 7], "02": [1.0, 7], "1c": [1.0, 1], "~o": [1.0, 10], "_8": [1.0, 3], "22": [1.0, 3], "32": [1.0, 2], "42": [1.0, 2], "52": [1.0, 1], "62": [1.0, 1], "72": [1.0, 1], "8c": [1.0, 3], "_5": [1.0, 1], "5c": [1.0, 1], "_2": [1.0, 3], "2c": [1.0, 3], "o1": [0.5, 4], "_3": [1.0, 2], "3c": [1.0, 2], "t7": [1.0, 1], "7t": [1.0, 1], "_0": [1.0, 1], "07": [1.0, 1]}