{"co": 1.0, "ou": 1.0, "un": 1.0, "nt": 0.9090909090909091, "t_": 1.0, "_1": 0.625, "1_": 1.0, "_t": 1.0, "to": 0.5454545454545454, "o_": 0.2727272727272727, "13": 0.7777777777777778, "3~": 0.5454545454545454, "~1": 0.8611111111111112, "1~": 0.5, "~2": 0.6666666666666666, "2~": 0.5238095238095238, "~3": 0.8181818181818182, "~4": 1.0, "4~": 0.5882352941176471, "~5": 1.0, "5~": 0.6, "~6": 1.0, "6~": 0.6, "~7": 1.0, "7~": 0.625, "~8": 1.0, "8~": 0.625, "~9": 1.0, "9~": 0.8823529411764706, "10": 0.9, "0~": 0.8125, "11": 0.8181818181818182, "12": 1.0, "~c": 1.0, "19": 0.6666666666666666, "14": 1.0, "15": 1.0, "16": 1.0, "17": 1.0, "18": 1.0, "_3": 0.5, "30": 0.5, "20": 1.0, "21": 0.6, "22": 0.5, "23": 1.0, "24": 0.3333333333333333, "25": 1.0, "26": 1.0, "27": 1.0, "28": 1.0, "29": 1.0, "_2": 1.0, "_7": 1.0, "7_": 1.0}