{"u": 1.0, "n": 1.0, "t": 0.5, "_": 0.48484848484848486, "1": 0.26666666666666666, "o": 0.5238095238095238, "3": 0.9166666666666666, "~": 0.40331491712707185, "2": 0.4772727272727273, "4": 1.0, "5": 1.0, "6": 1.0, "7": 0.9411764705882353, "8": 1.0, "9": 1.0, "0": 1.0, "c": 1.0}