{"o": [0.5, 42], "u": [1.0, 21], "n": [1.0, 21], "t": [0.5, 42], "_": [0.3333333333333333, 63], "1": [0.6351039260969977, 1299], "3": [0.22303921568627452, 408], "6": [0.3009950248756219, 402], "~": [0.356718192627824, 2523], "2": [0.18850574712643678, 435], "4": [0.25121951219512195, 410], "5": [0.2722772277227723, 404], "7": [0.34464751958224543, 383], "8": [0.37333333333333335, 375], "9": [0.45251396648044695, 358], "0": [0.4028985507246377, 345], "c": [1.0, 20], "+": [0.9, 1000]}