{"cou": [1.0, 21], "oun": [1.0, 21], "unt": [1.0, 21], "nt_": [0.6190476190476191, 21], "t_1": [0.8461538461538461, 13], "_1_": [1.0, 11], "1_t": [1.0, 14], "_to": [1.0, 21], "to_": [0.2857142857142857, 21], "o_3": [0.25, 4], "_36": [1.0, 1], "36~": [0.6, 5], "6~1": [0.2, 100], "~1~": [1.0, 11], "1~2": [0.4375, 48], "~2~": [0.5238095238095238, 21], "2~3": [0.46808510638297873, 47], "~3~": [0.34375, 32], "3~4": [0.4666666666666667, 45], "~4~": [0.2682926829268293, 41], "4~5": [0.4666666666666667, 45], "~5~": [0.22, 50], "5~6": [0.4666666666666667, 45], "~6~": [0.18333333333333332, 60], "6~7": [0.4883720930232558, 43], "~7~": [0.15714285714285714, 70], "7~8": [0.5, 42], "~8~": [0.1375, 80], "8~9": [0.525, 40], "~9~": [0.2222222222222222, 90], "9~1": [0.2857142857142857, 140], "~10": [0.5025125628140703, 199], "10~": [0.55, 200], "0~1": [0.16806722689075632, 119], "~11": [1.0, 110], "11~": [0.19090909090909092, 110], "1~1": [0.4878048780487805, 41], "~12": [1.0, 100], "12~": [0.21, 100], "2~1": [0.32786885245901637, 61], "~13": [1.0, 90], "13~": [0.23333333333333334, 90], "3~1": [0.28169014084507044, 71], "~14": [1.0, 80], "14~": [0.25925925925925924, 81], "4~1": [0.24390243902439024, 82], "~15": [1.0, 69], "15~": [0.29577464788732394, 71], "5~1": [0.2247191011235955, 89], "~16": [1.0, 58], "16~": [0.3620689655172414, 58], "~17": [1.0, 48], "17~": [0.4375, 48], "7~1": [0.1834862385321101, 109], "~18": [1.0, 38], "18~": [0.5384615384615384, 39], "8~1": [0.16806722689075632, 119], "~19": [1.0, 27], "19~": [0.7142857142857143, 28], "9~2": [0.5882352941176471, 17], "~20": [1.0, 17], "20~": [0.5294117647058824, 17], "0~2": [0.37037037037037035, 27], "~21": [1.0, 7], "21~": [1.0, 7], "~22": [1.0, 7], "22~": [1.0, 7], "2~2": [1.0, 7], "~23": [1.0, 7], "23~": [1.0, 7], "3~2": [0.5882352941176471, 17], "~24": [1.0, 7], "24~": [1.0, 7], "4~2": [0.5882352941176471, 17], "~25": [1.0, 7], "25~": [1.0, 7], "5~2": [0.5882352941176471, 17], "~26": [1.0, 7], "26~": [1.0, 7], "6~2": [0.5882352941176471, 17], "~27": [1.0, 7], "27~": [0.75, 8], "7~2": [0.625, 16], "~28": [1.0, 6], "28~": [1.0, 6], "8~2": [0.625, 16], "~29": [1.0, 6], "29~": [1.0, 6], "9~3": [0.625, 16], "~30": [1.0, 6], "30~": [1.0, 6], "0~3": [0.625, 16], "~31": [1.0, 6], "31~": [1.0, 6], "1~3": [0.37037037037037035, 27], "~32": [1.0, 6], "32~": [0.8571428571428571, 7], "~33": [1.0, 5], "33~": [1.0, 5], "3~3": [1.0, 5], "~34": [1.0, 5], "34~": [0.6666666666666666, 6], "4~3": [0.7142857142857143, 14], "~35": [1.0, 4], "35~": [1.0, 4], "5~3": [0.7142857142857143, 14], "~36": [1.0, 4], "6~c": [1.0, 2], "~co": [1.0, 20], "_3~": [1.0, 1], "3~c": [1.0, 1], "o_7": [0.6666666666666666, 3], "_71": [1.0, 1], "71~": [0.6, 5], "6~3": [0.7692307692307693, 13], "~37": [1.0, 3], "37~": [1.0, 3], "7~3": [0.7692307692307693, 13], "~38": [1.0, 4], "38~": [1.0, 4], "8~3": [0.7142857142857143, 14], "~39": [1.0, 4], "39~": [1.0, 4], "9~4": [0.7142857142857143, 14], "~40": [1.0, 4], "40~": [1.0, 4], "0~4": [0.7142857142857143, 14], "~41": [1.0, 4], "41~": [1.0, 4], "1~4": [0.4166666666666667, 24], "~42": [1.0, 4], "42~": [0.8, 5], "2~4": [0.4166666666666667, 24], "~43": [1.0, 4], "43~": [1.0, 4], "~44": [1.0, 5], "44~": [1.0, 5], "4~4": [1.0, 5], "~45": [1.0, 5], "45~": [1.0, 5], "5~4": [0.6666666666666666, 15], "~46": [1.0, 5], "46~": [1.0, 5], "6~4": [0.6666666666666666, 15], "~47": [1.0, 5], "47~": [1.0, 5], "7~4": [0.6666666666666666, 15], "~48": [1.0, 5], "48~": [1.0, 5], "8~4": [0.625, 16], "~49": [1.0, 5], "49~": [1.0, 5], "9~5": [0.6666666666666666, 15], "~50": [1.0, 5], "50~": [1.0, 5], "0~5": [0.6666666666666666, 15], "~51": [1.0, 5], "51~": [1.0, 5], "1~5": [0.4, 25], "~52": [1.0, 5], "52~": [1.0, 5], "2~5": [0.4, 25], "~53": [1.0, 5], "53~": [1.0, 5], "3~5": [0.4, 25], "~54": [1.0, 5], "54~": [1.0, 5], "~55": [1.0, 5], "55~": [1.0, 5], "5~5": [1.0, 5], "~56": [1.0, 5], "56~": [1.0, 5], "6~5": [0.6666666666666666, 15], "~57": [1.0, 5], "57~": [1.0, 5], "7~5": [0.6666666666666666, 15], "~58": [1.0, 5], "58~": [0.6666666666666666, 6], "8~5": [0.7142857142857143, 14], "~59": [1.0, 4], "59~": [1.0, 4], "9~6": [0.7142857142857143, 14], "~60": [1.0, 4], "60~": [1.0, 4], "0~6": [0.7142857142857143, 14], "~61": [1.0, 5], "61~": [1.0, 5], "1~6": [0.4, 25], "~62": [1.0, 5], "62~": [1.0, 5], "2~6": [0.4, 25], "~63": [1.0, 5], "63~": [1.0, 5], "3~6": [0.4, 25], "~64": [1.0, 5], "64~": [1.0, 5], "4~6": [0.4, 25], "~65": [1.0, 5], "65~": [1.0, 5], "~66": [1.0, 5], "66~": [1.0, 5], "6~6": [1.0, 5], "~67": [1.0, 5], "67~": [1.0, 5], "7~6": [0.6666666666666666, 15], "~68": [1.0, 5], "68~": [0.8333333333333334, 6], "8~6": [0.6666666666666666, 15], "~69": [1.0, 4], "69~": [1.0, 4], "9~7": [0.7142857142857143, 14], "~70": [1.0, 4], "70~": [1.0, 4], "0~7": [0.7142857142857143, 14], "~71": [1.0, 4], "1~c": [1.0, 2], "o_4": [0.5, 2], "_4~": [1.0, 1], "4~c": [1.0, 3], "o_1": [0.3333333333333333, 6], "_15": [1.0, 2], "5~c": [1.0, 2], "_78": [1.0, 2], "78~": [0.4, 5], "1~7": [0.43478260869565216, 23], "~72": [1.0, 3], "72~": [1.0, 3], "2~7": [0.43478260869565216, 23], "~73": [1.0, 3], "73~": [1.0, 3], "3~7": [0.43478260869565216, 23], "~74": [1.0, 3], "74~": [1.0, 3], "4~7": [0.43478260869565216, 23], "~75": [1.0, 3], "75~": [1.0, 3], "5~7": [0.43478260869565216, 23], "~76": [1.0, 3], "76~": [1.0, 3], "~77": [1.0, 3], "77~": [1.0, 3], "7~7": [1.0, 3], "~78": [1.0, 3], "8~c": [1.0, 5], "o_9": [0.3333333333333333, 3], "_96": [1.0, 1], "96~": [0.5, 2], "8~7": [0.8333333333333334, 12], "~79": [1.0, 2], "79~": [1.0, 2], "9~8": [0.8333333333333334, 12], "~80": [1.0, 2], "80~": [1.0, 2], "0~8": [0.8333333333333334, 12], "~81": [1.0, 2], "81~": [1.0, 2], "1~8": [0.45454545454545453, 22], "~82": [1.0, 2], "82~": [1.0, 2], "2~8": [0.45454545454545453, 22], "~83": [1.0, 2], "83~": [1.0, 2], "3~8": [0.45454545454545453, 22], "~84": [1.0, 2], "84~": [1.0, 2], "4~8": [0.45454545454545453, 22], "~85": [1.0, 2], "85~": [1.0, 2], "5~8": [0.45454545454545453, 22], "~86": [1.0, 2], "86~": [1.0, 2], "6~8": [0.45454545454545453, 22], "~87": [1.0, 2], "87~": [1.0, 2], "~88": [1.0, 2], "88~": [1.0, 2], "8~8": [1.0, 2], "~89": [1.0, 2], "89~": [1.0, 2], "9~9": [1.0, 2], "~90": [1.0, 2], "90~": [1.0, 2], "0~9": [0.8333333333333334, 12], "~91": [1.0, 2], "91~": [0.3333333333333333, 3], "1~9": [0.47619047619047616, 21], "~92": [1.0, 1], "92~": [1.0, 1], "2~9": [0.47619047619047616, 21], "~93": [1.0, 1], "93~": [1.0, 1], "3~9": [0.47619047619047616, 21], "~94": [1.0, 1], "94~": [1.0, 1], "4~9": [0.47619047619047616, 21], "~95": [1.0, 1], "95~": [1.0, 1], "5~9": [0.47619047619047616, 21], "~96": [1.0, 1], "_18": [1.0, 1], "_34": [1.0, 1], "_14": [1.0, 1], "t_4": [0.3333333333333333, 3], "_43": [1.0, 1], "43_": [1.0, 1], "3_t": [1.0, 2], "_42": [1.0, 1], "2~c": [1.0, 1], "t_8": [1.0, 1], "_84": [1.0, 1], "84_": [1.0, 1], "4_t": [1.0, 3], "t_6": [1.0, 1], "_61": [1.0, 1], "61_": [1.0, 1], "o_6": [1.0, 1], "_68": [1.0, 1], "_10": [0.5, 2], "101": [1.0, 1], "01_": [1.0, 1], "t_3": [0.5, 2], "_38": [1.0, 1], "38_": [1.0, 1], "8_t": [1.0, 1], "_91": [1.0, 1], "t_9": [1.0, 1], "_94": [1.0, 1], "94_": [1.0, 1], "_19": [1.0, 1], "9~c": [1.0, 2], "_45": [1.0, 1], "45_": [1.0, 1], "5_t": [1.0, 1], "_9~": [1.0, 1], "_11": [1.0, 1], "11_": [1.0, 1], "o_2": [1.0, 1], "_27": [1.0, 1], "7~c": [1.0, 1], "_44": [1.0, 1], "44_": [1.0, 1], "o_5": [1.0, 1], "_58": [1.0, 1], "_3_": [1.0, 1], "_32": [1.0, 1], "~1+": [0.2, 100], "1+1": [0.5, 20], "+1~": [0.21, 100], "1+2": [1.0, 10], "+2~": [0.3, 100], "1+3": [1.0, 10], "+3~": [0.4, 100], "1+4": [1.0, 10], "+4~": [0.5, 100], "1+5": [1.0, 10], "+5~": [0.6, 100], "1+6": [1.0, 10], "+6~": [0.7, 100], "1+7": [1.0, 10], "+7~": [0.8, 100], "1+8": [1.0, 10], "+8~": [0.9, 100], "1+9": [1.0, 10], "+9~": [1.0, 100], "+10": [1.0, 100], "~2+": [0.2, 100], "2+1": [0.5, 20], "2+2": [1.0, 10], "2+3": [1.0, 10], "2+4": [1.0, 10], "2+5": [1.0, 10], "2+6": [1.0, 10], "2+7": [1.0, 10], "7~9": [0.5, 20], "2+8": [1.0, 10], "2+9": [1.0, 10], "~3+": [0.2, 100],