{"u": [1.0, 21], "n": [1.0, 21], "t": [0.5, 42], "_": [0.36507936507936506, 63], "1": [0.2323076923076923, 1300], "o": [0.5121951219512195, 41], "3": [0.625, 408], "6": [0.6268656716417911, 402], "~": [0.3690051525961157, 2523], "2": [0.5885057471264368, 435], "4": [0.6268292682926829, 410], "5": [0.6262376237623762, 404], "7": [0.6501305483028721, 383], "8": [0.6746666666666666, 375], "9": [0.6871508379888268, 358], "0": [0.7072463768115942, 345], "c": [1.0, 20], "+": [0.2, 1000]}