{"cu": [1.0, 21], "on": [1.0, 21], "ut": [1.0, 21], "n_": [0.6190476190476191, 21], "t1": [0.8461538461538461, 13], "__": [1.0, 12], "1t": [1.0, 14], "_o": [1.0, 21], "t_": [0.2857142857142857, 21], "o3": [0.25, 4], "_6": [1.0, 2], "3~": [0.82, 50], "61": [0.25, 120], "~~": [0.2, 455], "12": [0.5344827586206896, 58], "23": [0.5614035087719298, 57], "34": [0.5636363636363636, 55], "45": [0.5454545454545454, 55], "56": [0.5454545454545454, 55], "67": [0.5660377358490566, 53], "78": [0.5769230769230769, 52], "89": [0.6, 50], "91": [0.3125, 160], "~0": [0.588477366255144, 243], "1~": [0.343030303030303, 825], "01": [0.14388489208633093, 139], "~1": [1.0, 145], "11": [0.4838709677419355, 62], "~2": [1.0, 133], "21": [0.37037037037037035, 81], "~3": [1.0, 122], "31": [0.32967032967032966, 91], "~4": [1.0, 113], "41": [0.29411764705882354, 102], "~5": [1.0, 101], "51": [0.27522935779816515, 109], "~6": [1.0, 90], "~7": [1.0, 78], "71": [0.23255813953488372, 129], "~8": [1.0, 68], "81": [0.2158273381294964, 139], "~9": [1.0, 54], "92": [0.37037037037037035, 27], "2~": [0.7721518987341772, 79], "02": [0.2702702702702703, 37], "22": [0.5882352941176471, 17], "32": [0.37037037037037035, 27], "42": [0.37037037037037035, 27], "52": [0.37037037037037035, 27], "62": [0.37037037037037035, 27], "72": [0.38461538461538464, 26], "82": [0.38461538461538464, 26], "93": [0.38461538461538464, 26], "03": [0.38461538461538464, 26], "13": [0.5405405405405406, 37], "33": [0.6666666666666666, 15], "43": [0.4166666666666667, 24], "53": [0.4166666666666667, 24], "6c": [1.0, 2], "~o": [1.0, 20], "_~": [0.6666666666666666, 3], "3c": [1.0, 1], "o7": [0.6666666666666666, 3], "_1": [0.5, 4], "7~": [0.7941176470588235, 34], "63": [0.43478260869565216, 23], "73": [0.43478260869565216, 23], "83": [0.4166666666666667, 24], "94": [0.4166666666666667, 24], "4~": [0.8723404255319149, 47], "04": [0.4166666666666667, 24], "14": [0.5882352941176471, 34], "24": [0.5882352941176471, 34], "44": [0.6666666666666666, 15], "54": [0.4, 25], "64": [0.4, 25], "74": [0.4, 25], "84": [0.38461538461538464, 26], "95": [0.4, 25], "5~": [0.88, 50], "05": [0.4, 25], "15": [0.5714285714285714, 35], "25": [0.5714285714285714, 35], "35": [0.5714285714285714, 35], "55": [0.6666666666666666, 15], "65": [0.4, 25], "75": [0.4, 25], "85": [0.4166666666666667, 24], "96": [0.4166666666666667, 24], "6~": [0.8979591836734694, 49], "06": [0.4166666666666667, 24], "16": [0.5714285714285714, 35], "26": [0.5714285714285714, 35], "36": [0.5714285714285714, 35], "46": [0.5714285714285714, 35], "66": [0.6666666666666666, 15], "76": [0.4, 25], "86": [0.4, 25], "97": [0.4166666666666667, 24], "07": [0.4166666666666667, 24], "1c": [1.0, 2], "o4": [0.5, 2], "4c": [1.0, 3], "o1": [0.3333333333333333, 6], "_5": [0.6666666666666666, 3], "5c": [1.0, 2], "_8": [0.8333333333333334, 6], "17": [0.6060606060606061, 33], "27": [0.6060606060606061, 33], "37": [0.6060606060606061, 33], "47": [0.6060606060606061, 33], "57": [0.6060606060606061, 33], "77": [0.7692307692307693, 13], "8c": [1.0, 5], "o9": [0.3333333333333333, 3], "9~": [0.6363636363636364, 11], "87": [0.45454545454545453, 22], "98": [0.45454545454545453, 22], "8~": [0.9, 20], "08": [0.45454545454545453, 22], "18": [0.625, 32], "28": [0.625, 32], "38": [0.625, 32], "48": [0.625, 32], "58": [0.625, 32], "68": [0.625, 32], "88": [0.8333333333333334, 12], "99": [0.8333333333333334, 12], "09": [0.45454545454545453, 22], "19": [0.6451612903225806, 31], "29": [0.6451612903225806, 31], "39": [0.6451612903225806, 31], "49": [0.6451612903225806, 31], "59": [0.6451612903225806, 31], "_4": [0.6, 5], "t4": [0.3333333333333333, 3], "_3": [1.0, 1], "4_": [1.0, 3], "3t": [1.0, 2], "_2": [1.0, 2], "2c": [1.0, 1], "t8": [1.0, 1], "8_": [1.0, 1], "4t": [1.0, 3], "t6": [1.0, 1], "6_": [1.0, 1], "o6": [1.0, 1], "_0": [0.5, 2], "0_": [1.0, 1], "t3": [0.5, 2], "3_": [1.0, 1], "8t": [1.0, 1], "t9": [1.0, 1], "9_": [1.0, 1], "_9": [1.0, 1], "9c": [1.0, 2], "5t": [1.0, 1], "1_": [1.0, 1], "o2": [1.0, 1], "_7": [1.0, 1], "7c": [1.0, 1], "o5": [1.0, 1], "~+": [0.2, 900], "+~": [0.6011111111111112, 900], "+0": [1.0, 100], "79": [0.6666666666666666, 30], "69": [0.6666666666666666, 30], "1+": [0.2, 100], "0c": [1.0, 1]}