{"c": [1.0, 21], "o": [0.5, 42], "u": [1.0, 21], "n": [0.6190476190476191, 21], "t": [0.2857142857142857, 42], "_": [0.4603174603174603, 63], "1": [0.2409545804464973, 1299], "3": [0.4019607843137255, 408], "6": [0.3383084577114428, 402], "~": [0.415146708961142, 2522], "2": [0.39770114942528734, 435], "4": [0.3878048780487805, 410], "5": [0.3688118811881188, 404], "7": [0.3185378590078329, 383], "8": [0.304, 375], "9": [0.25139664804469275, 358], "0": [0.28695652173913044, 345], "+": [0.541, 1000]}