{"ou": [1.0, 21], "un": [1.0, 21], "nt": [1.0, 21], "t_": [0.6190476190476191, 21], "_1": [0.5789473684210527, 19], "1_": [1.0, 14], "_t": [1.0, 21], "to": [1.0, 21], "o_": [0.2857142857142857, 21], "_3": [0.16666666666666666, 6], "36": [1.0, 5], "6~": [0.4126984126984127, 252], "~1": [0.22556390977443608, 931], "1~": [0.18604651162790697, 258], "~2": [0.5025125628140703, 199], "2~": [0.2421875, 256], "~3": [0.5586592178770949, 179], "3~": [0.2901960784313726, 255], "~4": [0.5347593582887701, 187], "4~": [0.3229571984435798, 257], "~5": [0.507537688442211, 199], "5~": [0.36363636363636365, 253], "~6": [0.4855769230769231, 208], "~7": [0.5024875621890548, 201], "7~": [0.43775100401606426, 249], "~8": [0.51, 200], "8~": [0.4782608695652174, 253], "~9": [0.5226130653266332, 199], "9~": [0.5691056910569106, 246], "10": [0.6644518272425249, 301], "0~": [0.48770491803278687, 244], "11": [0.990990990990991, 111], "12": [1.0, 100], "13": [1.0, 90], "14": [1.0, 81], "15": [1.0, 71], "16": [1.0, 58], "17": [1.0, 48], "18": [1.0, 39], "19": [1.0, 28], "20": [1.0, 17], "21": [1.0, 7], "22": [1.0, 7], "23": [1.0, 7], "24": [1.0, 7], "25": [1.0, 7], "26": [1.0, 7], "27": [1.0, 8], "28": [1.0, 6], "29": [1.0, 6], "30": [1.0, 6], "31": [1.0, 6], "32": [1.0, 7], "33": [1.0, 5], "34": [1.0, 6], "35": [1.0, 4], "~c": [1.0, 20], "co": [1.0, 20], "_7": [0.6666666666666666, 3], "71": [1.0, 5], "37": [1.0, 3], "38": [0.8, 5], "39": [1.0, 4], "40": [1.0, 4], "41": [1.0, 4], "42": [1.0, 5], "43": [0.8, 5], "44": [0.8333333333333334, 6], "45": [0.8333333333333334, 6], "46": [1.0, 5], "47": [1.0, 5], "48": [1.0, 5], "49": [1.0, 5], "50": [1.0, 5], "51": [1.0, 5], "52": [1.0, 5], "53": [1.0, 5], "54": [1.0, 5], "55": [1.0, 5], "56": [1.0, 5], "57": [1.0, 5], "58": [1.0, 6], "59": [1.0, 4], "60": [1.0, 4], "61": [0.8333333333333334, 6], "62": [1.0, 5], "63": [1.0, 5], "64": [1.0, 5], "65": [1.0, 5], "66": [1.0, 5], "67": [1.0, 5], "68": [1.0, 6], "69": [1.0, 4], "70": [1.0, 4], "_4": [0.2, 5], "78": [1.0, 5], "72": [1.0, 3], "73": [1.0, 3], "74": [1.0, 3], "75": [1.0, 3], "76": [1.0, 3], "77": [1.0, 3], "_9": [0.25, 4], "96": [1.0, 2], "79": [1.0, 2], "80": [1.0, 2], "81": [1.0, 2], "82": [1.0, 2], "83": [1.0, 2], "84": [0.6666666666666666, 3], "85": [1.0, 2], "86": [1.0, 2], "87": [1.0, 2], "88": [1.0, 2], "89": [1.0, 2], "90": [1.0, 2], "91": [1.0, 3], "92": [1.0, 1], "93": [1.0, 1], "94": [0.5, 2], "95": [1.0, 1], "3_": [1.0, 2], "_8": [1.0, 1], "4_": [1.0, 3], "_6": [0.5, 2], "01": [1.0, 1], "8_": [1.0, 1], "5_": [1.0, 1], "_2": [1.0, 1], "_5": [1.0, 1], "1+": [0.2, 100], "+1": [0.5, 200], "+2": [1.0, 100], "+3": [1.0, 100], "+4": [1.0, 100], "+5": [1.0, 100], "+6": [1.0, 100], "+7": [1.0, 100], "+8": [1.0, 100], "+9": [1.0, 100], "2+": [0.2, 100], "3+": [0.2, 100], "4+": [0.2, 100], "5+": [0.2, 100], "6+": [0.2, 100], "7+": [0.2, 100], "8+": [0.2, 100], "9+": [0.2, 100], "0+": [0.2, 100]}