{"co": [1.0, 21], "ou": [1.0, 21], "un": [1.0, 21], "nt": [0.6190476190476191, 21], "t_": [0.5714285714285714, 21], "_1": [0.5789473684210527, 19], "1_": [1.0, 14], "_t": [1.0, 21], "to": [0.2857142857142857, 21], "o_": [0.2857142857142857, 21], "_3": [0.5, 6], "36": [0.6, 5], "6~": [0.35714285714285715, 252], "~1": [0.7731182795698924, 930], "1~": [0.3643410852713178, 258], "~2": [0.39195979899497485, 199], "2~": [0.3671875, 256], "~3": [0.26256983240223464, 179], "3~": [0.3568627450980392, 255], "~4": [0.24598930481283424, 187], "4~": [0.35019455252918286, 257], "~5": [0.24623115577889448, 199], "5~": [0.3557312252964427, 253], "~6": [0.23076923076923078, 208], "~7": [0.15422885572139303, 201], "7~": [0.3654618473895582, 249], "~8": [0.15, 200], "8~": [0.35968379446640314, 253], "~9": [0.21105527638190955, 199], "9~": [0.3252032520325203, 246], "10": [0.4318936877076412, 301], "0~": [0.4057377049180328, 244], "11": [0.1891891891891892, 111], "12": [0.21, 100], "13": [0.23333333333333334, 90], "14": [0.25925925925925924, 81], "15": [0.29577464788732394, 71], "16": [0.3620689655172414, 58], "17": [0.4375, 48], "18": [0.5384615384615384, 39], "19": [0.7142857142857143, 28], "20": [0.5294117647058824, 17], "21": [1.0, 7], "22": [1.0, 7], "23": [1.0, 7], "24": [1.0, 7], "25": [1.0, 7], "26": [1.0, 7], "27": [0.75, 8], "28": [1.0, 6], "29": [1.0, 6], "30": [1.0, 6], "31": [1.0, 6], "32": [0.8571428571428571, 7], "33": [1.0, 5], "34": [0.6666666666666666, 6], "35": [1.0, 4], "~c": [1.0, 20], "_7": [1.0, 3], "71": [0.6, 5], "37": [1.0, 3], "38": [0.8, 5], "39": [1.0, 4], "40": [1.0, 4], "41": [1.0, 4], "42": [0.8, 5], "43": [0.8, 5], "44": [0.8333333333333334, 6], "45": [0.8333333333333334, 6], "46": [1.0, 5], "47": [1.0, 5], "48": [1.0, 5], "49": [1.0, 5], "50": [1.0, 5], "51": [1.0, 5], "52": [1.0, 5], "53": [1.0, 5], "54": [1.0, 5], "55": [1.0, 5], "56": [1.0, 5], "57": [1.0, 5], "58": [0.6666666666666666, 6], "59": [1.0, 4], "60": [1.0, 4], "61": [0.8333333333333334, 6], "62": [1.0, 5], "63": [1.0, 5], "64": [1.0, 5], "65": [1.0, 5], "66": [1.0, 5], "67": [1.0, 5], "68": [0.8333333333333334, 6], "69": [1.0, 4], "70": [1.0, 4], "_4": [0.6, 5], "78": [0.4, 5], "72": [1.0, 3], "73": [1.0, 3], "74": [1.0, 3], "75": [1.0, 3], "76": [1.0, 3], "77": [1.0, 3], "_9": [0.5, 4], "96": [0.5, 2], "79": [1.0, 2], "80": [1.0, 2], "81": [1.0, 2], "82": [1.0, 2], "83": [1.0, 2], "84": [0.6666666666666666, 3], "85": [1.0, 2], "86": [1.0, 2], "87": [1.0, 2], "88": [1.0, 2], "89": [1.0, 2], "90": [1.0, 2], "91": [0.3333333333333333, 3], "92": [1.0, 1], "93": [1.0, 1], "94": [0.5, 2], "95": [1.0, 1], "3_": [1.0, 2], "_8": [1.0, 1], "4_": [1.0, 3], "_6": [0.5, 2], "01": [1.0, 1], "8_": [1.0, 1], "5_": [1.0, 1], "_2": [1.0, 1], "_5": [1.0, 1], "1+": [0.9, 100], "+1": [0.5, 200], "+2": [0.3, 100], "+3": [0.4, 100], "+4": [0.5, 100], "+5": [0.6, 100], "+6": [0.7, 100], "+7": [0.8, 100], "+8": [0.9, 100], "+9": [1.0, 100], "2+": [0.9, 100], "3+": [0.9, 100], "4+": [0.9, 100], "5+": [0.9, 100], "6+": [0.9, 100], "7+": [0.9, 100], "8+": [0.9, 100], "9+": [0.9, 100], "0+": [0.9, 100]}