{"88": 0.0, "~8": 0.7, "~9": 0.5714285714285714, "94": 0.0, "4~": 0.7058823529411764, "co": 0.909090909090909, "ou": 0.909090909090909, "un": 0.909090909090909, "nt": 0.0, "t_": 0.0, "_9": 0.0, "_t": 0.909090909090909, "to": 0.0, "o_": 0.0, "~c": 0.8999999999999999, "90": 0.0, "9~": 0.875, "_7": 0.0, "8~": 0.7058823529411764, "_6": 0.5, "6~": 0.7333333333333334, "7~": 0.625, "0~": 0.8666666666666666, "~1": 0.9411764705882353, "1~": 0.9285714285714286, "2~": 0.9285714285714286, "3~": 0.8666666666666666, "5~": 0.6470588235294118, "~2": 0.9500000000000001, "28": 0.0, "~3": 0.9500000000000001, "~4": 0.9500000000000001, "~5": 0.8571428571428571, "~6": 0.8421052631578947, "66": 0.0, "67": 0.0, "_5": 0.0, "58": 0.25, "40": 0.3333333333333333, "0_": 0.5, "35": 0.3333333333333333, "8_": 0.5, "_3": 0.5, "34": 0.3333333333333333, "10": 0.0, "53": 0.3333333333333333, "_1": 0.0, "14": 0.3333333333333333, "_8": 0.0, "15": 0.5, "16": 0.5, "17": 0.5, "18": 0.5, "19": 0.5, "20": 0.5, "21": 0.5, "22": 0.5, "23": 0.5, "24": 0.5, "25": 0.5, "26": 0.5, "27": 0.5, "29": 0.5, "30": 0.5, "31": 0.5, "32": 0.5, "33": 0.5, "36": 0.5, "37": 0.5, "38": 0.5, "39": 0.5, "41": 0.5, "42": 0.5, "43": 0.5, "44": 0.5, "45": 0.5, "46": 0.5, "47": 0.5, "48": 0.5, "49": 0.5, "50": 0.5, "51": 0.5, "52": 0.5, "54": 0.5, "55": 0.5, "56": 0.5, "57": 0.5, "59": 0.5, "60": 0.5, "61": 0.5, "62": 0.5, "63": 0.5, "64": 0.5, "65": 0.5, "~7": 0.6666666666666666, "73": 0.0, "76": 0.0, "79": 0.0, "85": 0.0, "7_": 0.5}